熊愛儀;Q112719538
浜西勝則
黑田茂樹
大場正男;Q17219068
秦曉明
熊美儀;Q112707913
余元康;Q112719957
鄭大戈;Q112723061
黃恩約
雷焯諾
賴維鈞
蔡金章;Q112721365
何少中;Q112720908
侯紹政
朱雅麟
馬天恩
鈴木準中
許晴野
許朝英;Q115395654
末廣吉成
莊漫
鄧利;Q986713;Q4862339;Q16967510;Q5315433
鹿取武司
陳浩;Q700235;Q709924;Q23888509;Q9369091;Q387710;Q11658371;Q392712
盧柏文
林廣國
劉青;Q699485;Q707329;Q107584306;Q45602137;Q45689594;Q65914378;Q65880555
王昆;Q63986960;Q4103225;Q703992;Q9065652;Q114690585;Q45469880;Q45527360
黎曉蓉
鍾漫容
林敬庭
王大為;Q707895
黃天平
潘元石;Q112722641
陳法興;Q112722914
倪又安（王午）
何羡漁
何冠榮
林靖榕
李思穎;Q86602316
關芷欣
陳安之
方琬晴
莊棓喬
王鎮濠
李㯋芝
鍾逸華
曾志鵬
黎鈞熙
劉美彤
黃曉琳
汪家明
伍穎欣
郭亦藍
翟善柔
陳心翹
葉蔚盈
曾祉紜
王韻熒
鍾詠琳
吳卓穎
梁庭瑋
廖子盈
李穎欣
胡嘉純
羅小曼
余靖;Q7258834;Q17184155;Q45595646;Q45434852;Q63560446;Q63560392;Q18925703
黃敏儀;Q48086369;Q107708047
茅嘉琦
梁妙怡
郭曜林
關珮詠
梁俏怡
吳方洲;Q112721860;Q110404962
Malou HUNG;Q112719538
Katsunori HAMANISHI;Q55218867
Sergey KIRNITSKY
Shigeki KURODA
Hristo NAIDENOV
Sergey HRAPOV
Yuri NOZDRIN
Vladislav KVARTALNY
Julian JORDANOV
Josef WERNER;Q683867;Q94936626;Q109239232;Q1706032;Q105502041;Q2736516;Q55127125
Nina KAZIMOVA;Q112414055
Manfred BOFINGER;Q1455954
Franziska JAKSCH;Q111621337
Masao OHBA;Q1980437
Mayumi AZUMA;Q2606338;Q11528117
Lies VAN VLIJMEN;Q110308804
Dusan JANOUSEK;Q51566601
Simon BREDT
Gerard GAUDAEN;Q1847247
Derek BLACK;Q5261812;Q18325401;Q5261813
Hanns BASTANIER;Q15428924
Michael JEPKES
David BEKKER;Q1173694;Q84562912;Q56332720;Q30310045
Natalija CHERNETSOVA
Jiri BOUDA;Q15951714;Q95241191;Q112410054;Q112550661
Wim ZWIERS;Q4027773
Karel SAFAR;Q36504187;Q95074284;Q108640371
Luisa GARCÍA-MURO;Q16766121
Eva HOSKOVA;Q100754412
Herbert KISZA;Q3816579
Regina FRANKE;Q1604169;Q95196832;Q57500325;Q104548786;Q104542893;Q94772225;Q15841969
Pavel HLAVATY;Q95459542;Q112565789
Marius LIUGAILA;Q16459902
Peter KOCAK;Q60940145;Q104839580;Q25482153
Xiaoming QIN;Q91789715;Q92202674
Martin R. BAEYENS
Fanny JAKSCH
Hiroko MISHIRO
Elly DE KOSTER
Monika LEDOLTER
Tone MORIMOTO
Antje VELDSTRA;Q43135763
Clara HUNG;Q112707913;Q92460358
Yuan Hong YU
Taigo CHENG
Samuel WONG;Q7186339;Q7412952
Cheuk Nok LUI
Gideon LAI
Kam Cheung CHOI
Alex Siu Chung HO
Siu Ching HAU
Yalin CHU
Tin Yan MA
Norinaka SUZUKI
Ching Ye HUI
David HUI;Q87848189;Q115395654;Q88645888;Q104936878;Q5241340;Q85884274;Q5235235
Yoshinari SUEHIRO
Man ZHUANG
Li DENG;Q58099293;Q45653119;Q91411654;Q45596124;Q24640442;Q90073041;Q89012114
Takeshi KATORI
Peter VELIKOV
Natalija YURKINA
Yurij JAKOVENKO
Yuri LYUKSHIN
Robert BARAMOV
Konstantin KALYNOVYCH
Evgenia TIMOSHENKO
Rumen NISTOROV
Fabio DOTTA
Vladimir VERESCMAGN
Hao CHEN;Q55441679;Q55299814;Q88048336;Q47095112;Q90371340;Q89971657;Q90240507
Angelo SAMPIETRO
Bowen LU
Rajmund ASZKOWSKI
Sergiy IVANOV;Q4196321
Olga KELEYNIKOVA
Alena SEMCHYSHYN
Nurten ERDOGAN
Torill Elisabeth LARSEN
Martijn THARNER
Guangguo LIN
Marianna ANTONACCI
Qing LIU;Q42292037;Q55459247;Q102079848;Q60370714;Q86896915;Q88397762;Q62471181
Kun WANG;Q61102690;Q58433837;Q84971584;Q88339015;Q86052665;Q60102629;Q90733994
Hiu Yung LAI
Man Yung CHUNG
King Ting LAM
Dai Wai WONG
Tin WONG
Yuan Shih PAN
Fat Hing CHAN
Yu'an NI
Silvana MARTIGNONI;Q109315665;Q112813586
Sin Yu HO
Kwun Wing HO
Ching Yung LIM
See Wing LEE
Tsz Yan KWAN
Rosalind BLISS
An Gee CHAN
Justin LARKIN
Yuen Ching FONG
Pui Kiu CHONG
Chun Ho WONG;Q56950420
Wing Chi LEE
Yat Wa CHUNG
Chi Pang ZENG
Kwan Hei Myron LAI
Mei Tung LAU
Hiu Lam WONG
Ka Ming WONG
Wing Yan NG
Yik Lam Emily KWOK
Sin Yau CHAK
Sum Kiu CHAN
Wei Ying Emily IP
Tsz Wan TSANG
Wan Ying WONG
Wing Lam CHUNG;Q92006903
Cheuk Wing NG
Ting Wai LEUNG
Tsz Ying LIU
Wing Yan LEE
Jiachun HU;Q92380670
Wei Ying Emily IP
Siu Man LO
Mufasa YU
Man Yee WONG
Ka Kei MOW
Miu Yi LEUNG
Yiu Lam Nicholas KWOK
Pui Wing KWAN
Chiu Yi LEUNG
Fong Chao NG
